,account_value,date,daily_return
0,100000000.0,2015-12-31,
1,99279588.7630915,2016-01-04,-0.0072041123690849
2,99363938.79839772,2016-01-05,0.0008496211190751
3,98165221.65235785,2016-01-06,-0.0120639052812914
4,96379063.41248567,2016-01-07,-0.0181954281751396
5,95374090.45024513,2016-01-08,-0.0104272953757547
6,95739071.85025936,2016-01-11,0.0038268401647787
7,96537386.45243452,2016-01-12,0.00833844100164
8,94420771.24888933,2016-01-13,-0.0219253418942315
9,95768078.19705176,2016-01-14,0.0142691796555121
10,93889844.46434258,2016-01-15,-0.0196123151687823
11,93929292.78713568,2016-01-19,0.0004201553748242
12,92668713.96165508,2016-01-20,-0.0134205080020919
13,93400858.59102432,2016-01-21,0.0079006667738172
14,94316568.0758647,2016-01-22,0.009804079948023
15,94175093.23508804,2016-01-25,-0.0014999998797968
16,94682054.13269572,2016-01-26,0.0053831738328324
17,94363086.53438444,2016-01-27,-0.0033688284568084
18,94602977.86017942,2016-01-28,0.0025422157604773
19,96697901.66931848,2016-01-29,0.0221443749078944
20,96812101.02960442,2016-02-01,0.0011809910899251
21,95431694.41761903,2016-02-02,-0.0142586164054352
22,96406416.7969837,2016-02-03,0.0102138224131196
23,96167452.25698689,2016-02-04,-0.002478720275436
24,93854642.97224195,2016-02-05,-0.0240498134292301
25,92599244.29230782,2016-02-08,-0.0133759890845828
26,92974077.43118943,2016-02-09,0.0040479071049261
27,93229086.08298528,2016-02-10,0.0027427930326553
28,91848176.86325416,2016-02-11,-0.0148119999642806
29,91710404.6085704,2016-02-12,-0.0014999998844712
30,91942993.04072474,2016-02-16,0.0025361182643022
31,92803408.16384564,2016-02-17,0.0093581369788535
32,92717858.48295306,2016-02-18,-0.0009218377060197
33,92741020.05986378,2016-02-19,0.0002498070737362
34,93832582.90748216,2016-02-22,0.0117700112303464
35,92635661.28656276,2016-02-23,-0.0127559274596494
36,92842298.66640957,2016-02-24,0.0022306461353749
37,93662649.25850569,2016-02-25,0.0088359573586573
38,93195709.43651724,2016-02-26,-0.0049853364781483
39,92521832.30061814,2016-02-29,-0.0072307742488738
40,94530401.1634744,2016-03-01,0.0217091340812416
41,94886843.78529105,2016-03-02,0.0037706665520251
42,94934481.8966535,2016-03-03,0.0005020518067841
43,95147641.0723143,2016-03-04,0.0022453293197812
44,95746160.27191794,2016-03-07,0.0062904260458622
45,94931421.86708634,2016-03-08,-0.0085093585217177
46,95573642.98822956,2016-03-09,0.0067651058892006
47,95602348.2247394,2016-03-10,0.0003003467861255
48,96733417.0348414,2016-03-11,0.0118309730995636
49,96637847.47239022,2016-03-14,-0.0009879684330467
50,96539504.01578438,2016-03-15,-0.0010176494942515
51,96745535.44549765,2016-03-16,0.0021341670626313
52,97820066.64916244,2016-03-17,0.0111067781961902
53,98456618.02437817,2016-03-18,0.0065073700828557
54,98685997.68846548,2016-03-21,0.0023297536386079
55,98387818.28232332,2016-03-22,-0.0030214965965431
56,97536889.90364146,2016-03-23,-0.0086487168181749
57,97690313.1567296,2016-03-24,0.001572976678257
58,97724993.6648308,2016-03-28,0.0003550045749731
59,98252976.28201547,2016-03-29,0.0054027388223274
60,98737425.91185424,2016-03-30,0.0049306356730429
61,98578935.94258147,2016-03-31,-0.0016051661040288
62,99047634.10316208,2016-04-01,0.0047545467609184
63,98497800.45994116,2016-04-04,
64,97649332.38309322,2016-04-05,-0.0086140814605601
65,98302669.47218324,2016-04-06,0.00669064573352
66,97488447.10724324,2016-04-07,-0.0082828103174795
67,97598740.52676414,2016-04-08,0.0011313486140522
68,97331323.295083,2016-04-11,-0.0027399660101946
69,98211868.87061082,2016-04-12,0.0090468879464242
70,99286341.02504896,2016-04-13,0.0109403493365318
71,99303066.37003542,2016-04-14,0.0001684556487204
72,99214482.10721292,2016-04-15,-0.0008920596922195
73,100261699.37061906,2016-04-18,0.0105550847130815
74,101104790.0636045,2016-04-19,0.0084089008891514
75,102030066.73108496,2016-04-20,0.0091516600439838
76,101796140.82619312,2016-04-21,-0.0022927153964173
77,102272616.75765778,2016-04-22,0.0046806875741802
78,102401495.03400391,2016-04-25,0.0012601445081974
79,102479528.1810738,2016-04-26,0.0007620313262415
80,102415732.50477184,2016-04-27,-0.000622521175051
81,101660931.41850744,2016-04-28,-0.0073699720521869
82,100942477.59540638,2016-04-29,-0.0070671575901993
83,101536411.37160568,2016-05-02,0.0058838834784686
84,101386197.23833542,2016-05-03,-0.0014794114863928
85,101053273.570998,2016-05-04,-0.0032837178669872
86,101440291.51658134,2016-05-05,0.003829840755346
87,101776850.1594284,2016-05-06,0.0033178004303353
88,102067299.45981202,2016-05-09,0.0028537855114265
89,102854924.40933944,2016-05-10,0.0077167217482572
90,100865119.38716573,2016-05-11,-0.0193457438581621
91,100570304.06314534,2016-05-12,-0.0029228669515449
92,99624391.7272969,2016-05-13,-0.0094054835039031
93,100411437.48846498,2016-05-16,0.0079001311578641
94,99575437.86787066,2016-05-17,-0.0083257409863329
95,99371851.97120129,2016-05-18,-0.0020445393063651
96,99900744.16563436,2016-05-19,0.0053223542073701
97,100799693.52106091,2016-05-20,0.008998425016095
98,100336186.16973446,2016-05-23,-0.004598301196517
99,101449772.543781,2016-05-24,0.0110985519437896
100,102043511.34585734,2016-05-25,0.0058525395098358
101,101942704.70629324,2016-05-26,-0.0009878789766695
102,102437246.72534572,2016-05-27,0.0048511761628977
103,102167339.35510457,2016-05-31,-0.0026348557665244
104,102207488.64989674,2016-06-01,0.0003929758281424
105,103105117.75158724,2016-06-02,0.0087824200902268
106,103334643.14237636,2016-06-03,0.0022261299515908
107,103959390.77364077,2016-06-06,0.0060458681838542
108,103626489.97480044,2016-06-07,-0.0032022196009707
109,104718325.34536536,2016-06-08,0.0105362573877627
110,104953306.8777216,2016-06-09,0.0022439389818476
111,104509532.83624256,2016-06-10,-0.0042282997523467
112,103925142.17404164,2016-06-13,-0.0055917450431686
113,104235840.44869024,2016-06-14,0.00298963531008
114,104091118.61422332,2016-06-15,-0.0013884076133887
115,104682407.4925173,2016-06-16,0.0056804930734331
116,104233630.39982612,2016-06-17,-0.0042870345021751
117,104824331.64335448,2016-06-20,0.0056670888393939
118,104695928.9585839,2016-06-21,-0.0012249320626002
119,104626862.12432106,2016-06-22,-0.0006596897792479
120,105389507.30808294,2016-06-23,0.0072891910191827
121,103701010.62101208,2016-06-24,-0.0160214876243315
122,103441893.56116717,2016-06-27,-0.0024986936799672
123,104629524.14775106,2016-06-28,0.0114811373390186
124,105871697.37873766,2016-06-29,0.011872110105676
125,106776089.76636048,2016-06-30,0.0085423433270133
126,106785673.56709406,2016-07-01,
127,107079129.96278857,2016-07-05,0.0027480876965215
128,107730417.44164816,2016-07-06,0.0060823008095596
129,107177822.13481982,2016-07-07,-0.0051294269524913
130,107972688.15136442,2016-07-08,0.0074163292434206
131,107961717.36126553,2016-07-11,-0.000101607084965
132,108014423.63761966,2016-07-12,0.0004881941269772
133,108197119.94123428,2016-07-13,0.0016914065498101
134,108505335.88834336,2016-07-14,0.0028486520461585
135,108498669.57714953,2016-07-15,-6.143763474175667e-05
136,108433734.00759897,2016-07-18,-0.0005984918506709
137,108296534.19873792,2016-07-19,-0.0012652871370399
138,108485654.8762579,2016-07-20,0.0017463225293332
139,108114613.33235042,2016-07-21,-0.0034201899258542
140,108744459.54357544,2016-07-22,0.0058257269004777
141,108178404.0980479,2016-07-25,-0.0052053727417782
142,107758677.64567228,2016-07-26,-0.0038799467959907
143,107493200.138959,2016-07-27,-0.002463629960143
144,107415595.82776672,2016-07-28,-0.0007219462355939
145,106910881.88685226,2016-07-29,-0.0046987026141319
146,105949980.25765043,2016-08-01,-0.0089878748752515
147,106006178.204485,2016-08-02,0.0005304196064777
148,106541779.42798698,2016-08-03,0.0050525472436973
149,106816443.2396592,2016-08-04,0.0025779915930337
150,107302341.63855004,2016-08-05,0.0045489101130304
151,107141388.12853536,2016-08-08,-0.001499999977231
152,107089775.45941225,2016-08-09,-0.0004817248499823
153,106988497.3683637,2016-08-10,-0.0009457307255904
154,107736140.21119396,2016-08-11,0.0069880675139881
155,107112975.93348104,2016-08-12,-0.0057841711842593
156,107488117.88904089,2016-08-15,0.0035023016799831
157,106865041.96182664,2016-08-16,-0.0057966958530003
158,107269901.8977762,2016-08-17,0.0037885161369624
159,107425596.56054065,2016-08-18,0.0014514291521661
160,107424153.49008805,2016-08-19,-1.3433208646662642e-05
161,107398521.99849516,2016-08-22,-0.0002386008244901
162,107488760.56249954,2016-08-23,0.0008402216559892
163,107339752.27466336,2016-08-24,-0.0013862685461846
164,107486168.05175556,2016-08-25,0.0013640405720103
165,107325019.16678356,2016-08-26,-0.0014992523028117
166,107915786.75086914,2016-08-29,0.0055044721973682
167,107777219.78549784,2016-08-30,-0.0012840286814679
168,107336346.3614077,2016-08-31,-0.0040905993397082
169,107623503.6119276,2016-09-01,0.0026753030101567
170,108194899.23966244,2016-09-02,0.0053092085702319
171,108410660.85733747,2016-09-06,0.0019941939887306
172,108451257.37628958,2016-09-07,0.0003744698042704
173,108394661.88032956,2016-09-08,-0.0005218519114411
174,106087580.6550251,2016-09-09,-0.0212840852610578
175,107447052.38498534,2016-09-12,0.0128146171452525
176,105927947.01983468,2016-09-13,-0.0141381762592022
177,105585706.81080452,2016-09-14,-0.0032308773903271
178,106386283.37036796,2016-09-15,0.0075822436932488
179,106010463.74944614,2016-09-16,-0.0035325947012687
180,106267839.14487584,2016-09-19,0.0024278301058848
181,106021637.2419393,2016-09-20,-0.0023168053939714
182,106767358.03645615,2016-09-21,0.007033666088509
183,107116683.24381614,2016-09-22,0.0032718352667366
184,106258322.87761,2016-09-23,-0.0080133209898999
185,105485992.62286758,2016-09-26,-0.007268421275875
186,106170655.22303423,2016-09-27,0.0064905546522602
187,107251897.29271,2016-09-28,0.0101840011009104
188,106150139.1792102,2016-09-29,-0.0102726211965546
189,107037998.65663482,2016-09-30,
190,106863091.53109884,2016-10-03,-0.0016340657311527
191,106377912.221697,2016-10-04,-0.0045401953326482
192,106919005.9202409,2016-10-05,0.0050865230125614
193,106918455.37867872,2016-10-06,-5.149145911209629e-06
194,106608818.34924874,2016-10-07,-0.0028960110612646
195,107147813.18600231,2016-10-10,0.0050558185063813
196,105802340.4910508,2016-10-11,-0.012557164303632
197,106014601.344766,2016-10-12,0.0020062018735127
198,105984857.08027507,2016-10-13,-0.0002805676210031
199,105563167.9950174,2016-10-14,-0.003978767315205
200,104672994.40125054,2016-10-17,-0.0084326153778264
201,104181575.1642864,2016-10-18,-0.0046948044218584
202,104593085.84754884,2016-10-19,0.0039499372380724
203,104305890.47992375,2016-10-20,-0.0027458351123101
204,104149431.66583444,2016-10-21,-0.0014999997926238
205,104169807.5455684,2016-10-24,0.0001956408153944
206,104152459.33718506,2016-10-25,-0.0001665377789602
207,104852279.54642804,2016-10-26,0.0067191904415564
208,104394586.99697028,2016-10-27,-0.0043651177774833
209,104366863.46421646,2016-10-28,-0.0002655648492064
210,103863389.3156304,2016-10-31,-0.0048240804779832
211,103318713.65168215,2016-11-01,-0.0052441545335383
212,102861401.93082862,2016-11-02,-0.0044262235241844
213,102591927.28561282,2016-11-03,-0.002619783904919
214,102376249.22161752,2016-11-04,-0.0021022907913099
215,104288131.93373704,2016-11-07,0.0186750611265391
216,104888283.84030302,2016-11-08,0.0057547478839421
217,106565067.73937796,2016-11-09,0.0159863793903607
218,106405220.1500569,2016-11-10,-0.0014999998846899
219,106405220.1500569,2016-11-11,0.0
220,106536528.9090846,2016-11-14,0.0012340443339389
221,106680970.96618636,2016-11-15,0.0013557984156311
222,106720814.9209697,2016-11-16,0.0003734869904394
223,106593475.83914702,2016-11-17,-0.0011931981771032
224,106468568.18467896,2016-11-18,-0.0011718133167599
225,106699510.79044102,2016-11-21,0.0021691153520677
226,107133108.82892728,2016-11-22,0.0040637303327271
227,107325809.56574474,2016-11-23,0.0017987038640423
228,107772805.61777036,2016-11-25,0.0041648514354024
229,107744894.32427736,2016-11-28,-0.0002589827121322
230,107817370.33212794,2016-11-29,0.0006726630371221
231,107174003.34040964,2016-11-30,-0.0059671923896531
232,107260896.70469074,2016-12-01,0.0008107690444771
233,107139587.91673492,2016-12-02,-0.001130969362393
234,107843562.53910977,2016-12-05,0.0065706302970096
235,107665601.3248157,2016-12-06,-0.0016501792977166
236,108691506.00410973,2016-12-07,0.0095286207170197
237,108936629.56436037,2016-12-08,0.0022552227792425
238,109886678.74313782,2016-12-09,0.0087211177964356
239,110607343.4245606,2016-12-12,0.0065582533721613
240,111787060.52153064,2016-12-13,0.0106658116942719
241,111084879.92922229,2016-12-14,-0.0062814120796484
242,111061174.89108856,2016-12-15,-0.0002133957218014
243,111318897.52805,2016-12-16,0.0023205466466043
244,110706104.892811,2016-12-19,-0.005504839239758
245,110882014.29216784,2016-12-20,0.0015889765024896
246,110558416.11806378,2016-12-21,-0.0029184009342704
247,110962194.576331,2016-12-22,0.0036521729638023
248,110621977.03565656,2016-12-23,-0.0030660671589403
249,110457674.29351684,2016-12-27,-0.00148526311446
250,109880707.3448167,2016-12-28,-0.00522342111936
251,109833165.13192189,2016-12-29,-0.0004326711580553
252,109297442.61359988,2016-12-30,
253,110089335.43501472,2017-01-03,0.0072453005530459
254,110152290.66412422,2017-01-04,0.0005718558374501
255,109755430.77857856,2017-01-05,-0.0036028291663562
256,110297773.64066117,2017-01-06,0.0049413760962473
257,109881842.63572603,2017-01-09,-0.0037709827787655
258,108916172.03317206,2017-01-10,-0.0087882636420225
259,109892594.57525337,2017-01-11,0.008964899553979
260,109637674.96765018,2017-01-12,-0.002319715978938
261,109769247.74464417,2017-01-13,0.0012000690185449
262,109103159.45547134,2017-01-17,-0.0060680773792157
263,108509052.34236611,2017-01-18,-0.0054453703822179
264,107452032.58956344,2017-01-19,-0.00974130480347
265,108380152.18372533,2017-01-20,0.0086375247800758
266,107891415.86699373,2017-01-23,-0.0045094632816451
267,108303720.79885589,2017-01-24,0.0038214804073983
268,109110761.23831496,2017-01-25,0.0074516409363065
269,109175601.43493047,2017-01-26,0.0005942603266593
270,108537526.73849736,2017-01-27,-0.0058444807085713
271,107855532.00749886,2017-01-30,-0.0062834924610144
272,107589475.59167773,2017-01-31,-0.0024667850676647
273,107765188.51728176,2017-02-01,0.0016331794967652
274,107645987.02108584,2017-02-02,-0.001106122467153
275,108717245.01214604,2017-02-03,0.0099516760513365
276,108764533.94621804,2017-02-06,0.0004349717845288
277,108993813.43429027,2017-02-07,0.0021080354022904
278,109188490.26608706,2017-02-08,0.0017861273558807
279,110012469.24999368,2017-02-09,0.0075463904840025
280,110267139.0922169,2017-02-10,0.002314917972112
281,110901504.03280678,2017-02-13,0.0057529826729192
282,111580775.57149646,2017-02-14,0.006124998435447
283,112515257.0333522,2017-02-15,0.0083749324833914
284,112593536.67476232,2017-02-16,0.0006957246819148
285,112367298.40331312,2017-02-17,-0.0020093362206277
286,112922501.012683,2017-02-21,0.0049409625154208
287,113229584.46459052,2017-02-22,0.0027194177347615
288,113528024.52562924,2017-02-23,0.002635707465058
289,113581453.23842834,2017-02-24,0.0004706213555845
290,113431943.86933328,2017-02-27,-0.0013163185082797
291,113219504.88757683,2017-02-28,-0.0018728320657288
292,114471199.52749516,2017-03-01,0.0110554682354528
293,114333970.0551528,2017-03-02,-0.0011988122157257
294,114273709.0056395,2017-03-03,-0.0005270616377988
295,113884052.80817634,2017-03-06,-0.0034098499195814
296,113279251.25580215,2017-03-07,-0.0053106781631041
297,113041516.48687932,2017-03-08,-0.0020986611960029
298,112966417.77231012,2017-03-09,-0.0006643463118961
299,113069503.1068229,2017-03-10,0.0009125307905271
300,112905729.65813416,2017-03-13,-0.0014484316653803
301,113063380.69264758,2017-03-14,0.0013963067684055
302,113663736.04632404,2017-03-15,0.0053099009599621
303,113719933.56697471,2017-03-16,0.0004944190874367
304,113028847.41151462,2017-03-17,-0.0060770889832879
305,113229493.48727,2017-03-20,0.0017751758099846
306,112531671.74354532,2017-03-21,-0.0061628973356055
307,112397616.05622116,2017-03-22,-0.0011912707351373
308,112170708.1827028,2017-03-23,-0.0020187961407015
309,111541969.28747384,2017-03-24,-0.005605196805969
310,111804174.66244562,2017-03-27,0.0023507328824006
311,112167534.7969947,2017-03-28,0.0032499692935985
312,112345294.64758009,2017-03-29,0.0015847709491618
313,112470055.90142372,2017-03-30,0.0011105160588611
314,112095546.19608814,2017-03-31,-0.0033298614669829
315,112115612.47148068,2017-04-03,
316,112529576.70785417,2017-04-04,0.003692297863322
317,112018251.21608786,2017-04-05,-0.0045439208670782
318,111931288.764638,2017-04-06,-0.0007763239517291
319,112014062.93156804,2017-04-07,0.0007395087454418
320,111970846.05003144,2017-04-10,-0.000385816569862
321,111873611.7786262,2017-04-11,-0.0008683891819645
322,111823569.2883176,2017-04-12,-0.0004473127265043
323,111317986.97791363,2017-04-13,-0.0045212499799609
324,111968226.7961138,2017-04-17,0.0058412825802283
325,111808007.32469924,2017-04-18,-0.0014309369362998
326,111307780.4745546,2017-04-19,-0.0044739805503548
327,111839385.60562882,2017-04-20,0.0047759925569239
328,111578703.6744759,2017-04-21,-0.0023308598285057
329,112027400.06222674,2017-04-24,0.0040213443334122
330,112436931.0706286,2017-04-25,0.003655632534312
331,112584237.54209216,2017-04-26,0.00131012533036
332,112471508.58807534,2017-04-27,-0.0010012854061802
333,112379682.2809208,2017-04-28,-0.0008164406106693
334,111993393.803284,2017-05-01,-0.0034373515727796
335,111860808.01386836,2017-05-02,-0.0011838715205695
336,111749319.3448739,2017-05-03,-0.0009966731956791
337,111603909.44719234,2017-05-04,-0.0013012150636265
338,111796562.15040132,2017-05-05,0.0017262182316304
339,111696035.96867669,2017-05-08,-0.0008991884883668
340,111407995.62239856,2017-05-09,-0.0025787875440707
341,111469181.69791214,2017-05-10,0.0005492072195694
342,111397217.46242976,2017-05-11,-0.0006455975937582
343,111242376.82362632,2017-05-12,-0.0013899865932975
344,111560646.1536032,2017-05-15,0.0028610439570297
345,110635209.29117036,2017-05-16,-0.0082953702254345
346,109160305.44937566,2017-05-17,-0.0133312338020081
347,109647487.61041336,2017-05-18,0.0044629974149683
348,109483016.37921631,2017-05-19,-0.0014999999980065
349,109665811.70861413,2017-05-22,0.0016696226998775
350,109753616.56939006,2017-05-23,0.0008006584678297
351,109777923.84045903,2017-05-24,0.0002214712537842
352,109952757.88980386,2017-05-25,0.0015926157393804
353,110014848.56117094,2017-05-26,0.0005647031739695
354,109381925.46051385,2017-05-30,-0.0057530697804412
355,108616032.78017476,2017-05-31,-0.0070020040067367
356,109845442.44828252,2017-06-01,0.0113188599936799
357,109815532.02772072,2017-06-02,-0.0002722955080806
358,109881382.49461672,2017-06-05,0.0005996462037753
359,109917540.1994192,2017-06-06,0.0003290612475161
360,110375818.79927264,2017-06-07,0.0041692945368136
361,110387531.57667989,2017-06-08,0.0001061172413907
362,111108139.14675286,2017-06-09,0.0065279797435495
363,111028844.8997635,2017-06-12,-0.0007136673118486
364,111508383.19130664,2017-06-13,0.004319042425201
365,111496679.62934552,2017-06-14,-0.0001049567900293
366,111332792.5647559,2017-06-15,-0.001469882916105
367,111462782.4520783,2017-06-16,0.0011675795093955
368,112120332.83525524,2017-06-19,0.005899281972973
369,111651277.2364676,2017-06-20,-0.0041835016622439
370,111250420.00319076,2017-06-21,-0.0035902610628257
371,111104870.9663532,2017-06-22,-0.0013083010098603
372,111284498.46495016,2017-06-23,0.0016167382855012
373,111375117.32171763,2017-06-26,0.0008142990085542
374,110709521.94253044,2017-06-27,-0.0059761587255127
375,111466820.51807287,2017-06-28,0.0068404104927446
376,110613186.1008711,2017-06-29,-0.0076581929334154
377,111393907.89517988,2017-06-30,0.0070581259055029
378,112100106.23603453,2017-07-03,
379,111944547.96349011,2017-07-05,-0.0013876728378547
380,111023651.63774562,2017-07-06,-0.0082263615557665
381,111620830.28226416,2017-07-07,0.00537884167661
382,111704956.61360008,2017-07-10,0.0007536794980218
383,111481538.71891052,2017-07-11,-0.0020000714512818
384,112118865.90901336,2017-07-12,0.0057168854810101
385,112058341.16132893,2017-07-13,-0.0005398266134224
386,112693035.4631735,2017-07-14,0.0056639630327099
387,112526487.83468796,2017-07-17,-0.0014778875003322
388,112203861.31125157,2017-07-18,-0.0028671162643089
389,113027454.86960058,2017-07-19,0.0073401534378962
390,113382461.4431287,2017-07-20,0.0031408879721983
391,113498000.29787588,2017-07-21,0.0010190187554284
392,113313488.51992056,2017-07-24,-0.0016256830734556
393,113773401.54629108,2017-07-25,0.0040587668103579
394,113602741.4704978,2017-07-26,-0.001499999766851
395,113602741.4704978,2017-07-27,0.0
396,113603187.31421146,2017-07-28,3.924585867176589e-06
397,113535279.13573568,2017-07-31,-0.0005977664894908
398,113689194.37658526,2017-08-01,0.0013556600381945
399,113750102.26875888,2017-08-02,0.0005357403797925
400,113596127.24367796,2017-08-03,-0.0013536253771193
401,113393929.40832771,2017-08-04,-0.0017799712037408
402,113295855.5737532,2017-08-07,-0.0008648949294398
403,113173689.72635467,2017-08-08,-0.0010782905233368
404,112949753.51846357,2017-08-09,-0.0019786949460832
405,112471990.16110946,2017-08-10,-0.0042298751654733
406,112858771.83581576,2017-08-11,0.0034389155393468
407,113385338.87636176,2017-08-14,0.0046657165586743
408,113516596.60093457,2017-08-15,0.001157625190995
409,113566282.72531544,2017-08-16,0.0004376992075929
410,112345957.05432424,2017-08-17,-0.0107454927792504
411,111989471.39167088,2017-08-18,-0.003173106287047
412,112217491.8039855,2017-08-21,0.002036087941849
413,113257532.36107512,2017-08-22,0.0092680788027796
414,112675663.5515606,2017-08-23,-0.0051375727281384
415,112631654.4450088,2017-08-24,-0.0003905821822089
416,112751664.27365966,2017-08-25,0.0010655071102543
417,112744515.85687362,2017-08-28,-6.339965651147583e-05
418,112660031.0937613,2017-08-29,-0.0007493469857068
419,112894730.13297354,2017-08-30,0.002083250261283
420,113198596.93913864,2017-08-31,0.0026915942472001
421,113528286.19601037,2017-09-01,0.0029124853645401
422,111767864.76260988,2017-09-05,-0.0155064565174627
423,112534571.05963676,2017-09-06,0.0068598098268706
424,111818512.3072827,2017-09-07,-0.0063630113449724
425,112234500.79355893,2017-09-08,0.003720211239558
426,113671996.9277083,2017-09-11,0.0128079701338315
427,113447828.81506637,2017-09-12,-0.0019720610062344
428,113572164.46634376,2017-09-13,0.0010959720655394
429,113487824.61655062,2017-09-14,-0.0007426102178244
430,113632973.21000414,2017-09-15,0.0012789794318812
431,113669150.87504531,2017-09-18,0.0003183729512588
432,114022100.5247864,2017-09-19,0.0031050610216054
433,114509998.06958978,2017-09-20,0.0042789734845947
434,114128702.9258501,2017-09-21,-0.0033297978357135
435,114294380.36083812,2017-09-22,0.0014516719347601
436,113653976.00595032,2017-09-25,-0.0056031132315165
437,113307621.76863249,2017-09-26,-0.0030474449683989
438,113207625.55145492,2017-09-27,-0.0008825197777226
439,113825098.84207352,2017-09-28,0.0054543436240337
440,113666257.04534082,2017-09-29,-0.0013954900838968
441,114260127.22639015,2017-10-02,
442,114638979.71377866,2017-10-03,0.0033157016063691
443,114796684.76912294,2017-10-04,0.0013756669479965
444,115167719.49899794,2017-10-05,0.0032321031798192
445,115305977.45758504,2017-10-06,0.0012004922836759
446,115259674.91476938,2017-10-09,-0.0004015623806901
447,115657004.34929132,2017-10-10,0.0034472545130441
448,115831585.06601287,2017-10-11,0.0015094694671005
449,115541404.73787452,2017-10-12,-0.0025051917227326
450,115708235.09671716,2017-10-13,0.0014439010778961
451,116251384.97311334,2017-10-16,0.0046941332735928
452,117480110.1570202,2017-10-17,0.0105695530783658
453,117662799.87844104,2017-10-18,0.0015550693745236
454,117486305.71089248,2017-10-19,-0.0014999997257494
455,117788219.72158824,2017-10-20,0.0025697804426561
456,117231212.66964813,2017-10-23,-0.0047288859043519
457,117901857.38275497,2017-10-24,0.0057207009791553
458,117788516.52390487,2017-10-25,-0.0009613152953318
459,117975755.86079334,2017-10-26,0.0015896230160132
460,118018081.15391909,2017-10-27,0.0003587626357375
461,117898507.9245667,2017-10-30,-0.0010131772028765
462,117928160.87734132,2017-10-31,0.0002515125364741
463,118025063.7213943,2017-11-01,0.0008217108053925
464,118204755.88138115,2017-11-02,0.0015224915312144
465,118130110.23820242,2017-11-03,-0.0006314944151117
466,118264241.74557604,2017-11-06,0.0011354557030645
467,118419603.97408664,2017-11-07,0.0013136872668986
468,118196711.92278609,2017-11-08,-0.0018822225697471
469,117923271.63572164,2017-11-09,-0.0023134339578166
470,117721460.61280628,2017-11-10,-0.0017113757116473
471,116962199.4608129,2017-11-13,-0.006449640940921
472,116530980.2204084,2017-11-14,-0.0036868256786584
473,115994578.55808564,2017-11-15,-0.0046030820414297
474,116516096.07491323,2017-11-16,0.0044960507922915
475,116341321.95458432,2017-11-17,-0.0014999997958784
476,116389628.60255428,2017-11-20,0.000415214879446
477,117007147.6996537,2017-11-21,0.0053056196201819
478,116362592.3891154,2017-11-22,-0.0055086832147451
479,116641789.79867244,2017-11-24,0.0023993742647414
480,116497427.98268372,2017-11-27,-0.0012376508988578
481,117770386.28491092,2017-11-28,0.0109269219438596
482,118852153.90907224,2017-11-29,0.0091853959071195
483,120789956.90633409,2017-11-30,0.0163043153491719
484,119820771.06360371,2017-12-01,-0.0080237286903075
485,120165900.24024072,2017-12-04,0.0028803785318141
486,119595862.55237788,2017-12-05,-0.0047437558136143
487,119702712.0391755,2017-12-06,0.0008934212648938
488,119868017.01028427,2017-12-07,0.001380962622256
489,120465799.45087291,2017-12-08,0.0049870053371896
490,120508343.25193976,2017-12-11,0.0003531608245725
491,120647299.42987332,2017-12-12,0.0011530834644621
492,121196491.51809987,2017-12-13,0.004552046260644
493,120575452.09124474,2017-12-14,-0.0051242360160432
494,120950555.21626088,2017-12-15,0.0031109410623006
495,121207022.75001946,2017-12-18,0.0021204328768895
496,120963654.56010295,2017-12-19,-0.0020078720225513
497,120646081.77790137,2017-12-20,-0.0026253570409764
498,120331507.30340645,2017-12-21,-0.0026074155899568
499,120054997.38081712,2017-12-22,-0.0022979012628183
500,119775615.53288367,2017-12-26,-0.0023271155222904
501,119901166.03659114,2017-12-27,0.0010482142224765
502,120041571.7146186,2017-12-28,0.0011710117813583
503,119472902.69588909,2017-12-29,-0.0047372673533586
504,119820025.89289148,2018-01-02,
505,119873266.65447448,2018-01-03,0.0004443394264543
506,120593512.63614522,2018-01-04,0.0060083953809886
507,121110882.28858368,2018-01-05,0.0042901947304534
508,120974231.1091536,2018-01-08,-0.0011283146224998
509,121206387.38035633,2018-01-09,0.0019190555631078
510,121012083.29771098,2018-01-10,-0.0016030845143135
511,121508415.61618352,2018-01-11,0.0041015104024899
512,122181407.9966823,2018-01-12,0.0055386483074932
513,122004268.1245584,2018-01-16,-0.001449810368274
514,122849672.16392893,2018-01-17,0.0069292988873752
515,122494756.68777168,2018-01-18,-0.0028890225745465
516,123115247.9745048,2018-01-19,0.005065451807988
517,124110325.33352016,2018-01-22,0.0080824867381286
518,123342719.48802572,2018-01-23,-0.0061848669192644
519,123157705.41415362,2018-01-24,-0.0014999999565443
520,123569255.26370764,2018-01-25,0.0033416492144771
521,125091837.52623536,2018-01-26,0.0123216916641475
522,124910999.51729947,2018-01-29,-0.001445641958037
523,123933564.5152912,2018-01-30,-0.0078250514829393
524,123721776.36957891,2018-01-31,-0.0017088844861405
525,123582986.12069196,2018-02-01,-0.0011217932118302
526,120972218.46289708,2018-02-02,-0.0211256236780457
527,115315872.50441234,2018-02-05,-0.0467573962878061
528,115142898.69851936,2018-02-06,-0.001499999975167
529,115142898.69851936,2018-02-07,0.0
530,113662650.29860224,2018-02-08,-0.0128557506945596
531,114887913.49555562,2018-02-09,0.0107798225163191
532,116964347.84832008,2018-02-12,0.0180735665709934
533,116711640.0250028,2018-02-13,-0.0021605542882605
534,117088650.7261826,2018-02-14,0.0032302750702419
535,118053366.14255708,2018-02-15,0.008239188088609
536,117643736.78778385,2018-02-16,-0.0034698659441746
537,116789770.02576531,2018-02-20,-0.0072589224495561
538,116118867.27004445,2018-02-21,-0.0057445335800632
539,117177160.91359475,2018-02-22,0.009113881907659
540,119137671.59271216,2018-02-23,0.0167311672669989
541,120156991.5205842,2018-02-26,0.0085558154213112
542,118185347.6922302,2018-02-27,-0.0164088980874345
543,116690626.69049436,2018-02-28,-0.0126472615338769
544,115339559.69388434,2018-03-01,-0.0115781964235529
545,112911346.57060476,2018-03-02,-0.0210527344626956
546,114420189.73945408,2018-03-05,0.0133630783324847
547,114438626.9019621,2018-03-06,0.0001611355701296
548,114499728.78907263,2018-03-07,0.0005339271255226
549,115419443.81453992,2018-03-08,0.0080324646634015
550,117470740.02446136,2018-03-09,0.0177725359101326
551,117586421.8814421,2018-03-12,0.0009847716712829
552,117065298.3591903,2018-03-13,-0.0044318341685507
553,116481781.64289808,2018-03-14,-0.0049845404613569
554,117877757.58216336,2018-03-15,0.0119845002332206
555,118457610.25664316,2018-03-16,0.004919101672558
556,116305887.01040857,2018-03-19,-0.0181644998710747
557,116535303.94094528,2018-03-20,0.0019725306812388
558,116449945.57174294,2018-03-21,-0.000732467898703
559,114469008.51639104,2018-03-22,-0.0170110603798563
560,112589017.5135521,2018-03-23,-0.0164235807333802
561,115740568.44519848,2018-03-26,0.0279916372062403
562,114467530.39664246,2018-03-27,-0.0109990651131007
563,114414849.69892126,2018-03-28,-0.0004602239389515
564,114841818.790783,2018-03-29,0.0037317629047739
565,113874881.71940236,2018-04-02,-0.0084197296904724
566,115866420.50024869,2018-04-03,0.0174888329258915
567,117104295.31240536,2018-04-04,
568,118487744.5739261,2018-04-05,0.0118138216692227
569,116169543.7202916,2018-04-06,-0.0195648998296879
570,116191389.14522032,2018-04-09,0.000188047781106
571,117989668.89730269,2018-04-10,0.0154768762583157
572,117653485.541916,2018-04-11,-0.0028492609440178
573,117809202.90000746,2018-04-12,0.0013235252434231
574,117859683.8736315,2018-04-13,0.0004284977096984
575,118860430.16181274,2018-04-16,0.008490997559897
576,119979075.80556647,2018-04-17,0.0094114218014427
577,119844095.87779877,2018-04-18,-0.00112502890076
578,119058183.59459797,2018-04-19,-0.0065577889127066
579,118879596.32178064,2018-04-20,-0.0014999999783755
580,118822818.05285102,2018-04-23,-0.0004776115556106
581,117512206.65210144,2018-04-24,-0.0110299639600083
582,117231063.7210004,2018-04-25,-0.0023924572528315
583,118111420.31076984,2018-04-26,0.0075095845915431
584,117827888.55224489,2018-04-27,-0.0024005448226677
585,116669014.83262768,2018-04-30,-0.0098353092281997
586,116127303.7238001,2018-05-01,-0.004643144622458
587,115361351.088844,2018-05-02,-0.006595801421325
588,114888820.039234,2018-05-03,-0.0040960949672484
589,116379768.82166933,2018-05-04,0.0129773182623529
590,116618930.43181588,2018-05-07,0.0020550101840555
591,116399380.6853249,2018-05-08,-0.0018826252794295
592,117155244.16629069,2018-05-09,0.0064937070671291
593,118219440.42153458,2018-05-10,0.0090836416484556
594,118976773.2753657,2018-05-11,0.0064061617203625
595,120003086.32607968,2018-05-14,0.0086261630943598
596,118977053.4254182,2018-05-15,-0.0085500542700499
597,119538013.10221848,2018-05-16,0.0047148560218119
598,119080796.64956972,2018-05-17,-0.0038248624080591
599,119129079.39680128,2018-05-18,0.000405462077766
600,120327399.38509338,2018-05-21,0.0100590048572495
601,119273029.1445308,2018-05-22,-0.0087625116636003
602,119786223.40949143,2018-05-23,0.0043026849292036
603,119377822.80571046,2018-05-24,-0.0034094121356914
604,119082986.0644159,2018-05-25,-0.0024697781745811
605,117163955.27350272,2018-05-29,-0.0161150711309433
606,118515027.51615468,2018-05-30,0.0115314666485788
607,117499494.1573528,2018-05-31,-0.0085688151121886
608,118598954.52591176,2018-06-01,0.0093571498025906
609,119510099.776529,2018-06-04,0.0076825740518495
610,119478421.37088276,2018-06-05,-0.0002650688578244
611,120903191.47502773,2018-06-06,0.0119249157111158
612,120837684.90685847,2018-06-07,-0.000541810082679
613,121424280.92640635,2018-06-08,0.0048544129259018
614,121210075.26122478,2018-06-11,-0.0017641089866649
615,121142016.93204258,2018-06-12,-0.0005614906932077
616,120321688.2114198,2018-06-13,-0.006771628386235
617,120379208.90077588,2018-06-14,0.0004780575323628
618,120159579.60517149,2018-06-15,-0.0018244786422
619,119478256.6388111,2018-06-18,-0.0056701510491224
620,118151313.81012176,2018-06-19,-0.0111061448837568
621,118112333.95555045,2018-06-20,-0.0003299146942536
622,117266171.18295908,2018-06-21,-0.0071640509018287
623,117704183.7408802,2018-06-22,0.0037351996189738
624,115846637.07977206,2018-06-25,-0.0157814837338103
625,116664803.73490375,2018-06-26,0.0070624981074618
626,116082436.23765989,2018-06-27,-0.0049918011139605
627,116700966.74564222,2018-06-28,0.0053283729048896
628,116532359.66108952,2018-06-29,-0.0014447788159304
629,116497081.4231202,2018-07-02,-0.0003027334044544
630,115810196.84131974,2018-07-03,
631,116533098.8807484,2018-07-05,0.0062421277153958
632,117043091.60762209,2018-07-06,0.0043763765983393
633,119080939.8018612,2018-07-09,0.0174110933524453
634,119517526.8657558,2018-07-10,0.003666305158668
635,118645989.73593676,2018-07-11,-0.0072921282147844
636,119636625.5300596,2018-07-12,0.0083495092950687
637,120059729.6086432,2018-07-13,0.0035365765016273
638,120137828.02922192,2018-07-16,0.0006504963890332
639,120609533.30975316,2018-07-17,0.0039263676418095
640,121034732.99352635,2018-07-18,0.0035254235059611
641,120118245.32580484,2018-07-19,-0.0075721046765192
642,120261142.61488315,2018-07-20,0.0011896384990535
643,119965800.95964834,2018-07-23,-0.0024558360981203
644,120530430.8266592,2018-07-24,0.0047065902323344
645,121710977.3003768,2018-07-25,0.009794592665278
646,122062309.4008657,2018-07-26,0.0028866098053081
647,121677801.59780765,2018-07-27,-0.0031500944472163
648,121425742.06636973,2018-07-30,-0.0020715325895767
649,121787915.0371348,2018-07-31,0.0029826704338122
650,121451485.64764346,2018-08-01,-0.0027624201415121
651,121866636.51796964,2018-08-02,0.0034182444793686
652,122679258.38663656,2018-08-03,0.0066681242043395
653,122841852.22450311,2018-08-06,0.0013253571957054
654,123568667.15193672,2018-08-07,0.0059166718367718
655,123648528.48160093,2018-08-08,0.0006462910987459
656,123920315.76402327,2018-08-09,0.0021980632180576
657,123247168.71210869,2018-08-10,-0.0054320960026961
658,123313655.04999104,2018-08-13,0.0005394552960291
659,123957889.83837116,2018-08-14,0.0052243588767113
660,123313329.71511737,2018-08-15,-0.0051998313628464
661,124930937.67226712,2018-08-16,0.0131178677997489
662,124898910.39261007,2018-08-17,-0.0002563598757342
663,125597728.77949236,2018-08-20,0.0055950719240509
664,125121000.1756856,2018-08-21,-0.0037956785400452
665,124747724.2508168,2018-08-22,-0.0029833195414413
666,124948910.96658646,2018-08-23,0.0016127485850174
667,125798350.64021347,2018-08-24,0.006798295935962
668,126721878.49226676,2018-08-27,0.0073413351395568
669,127013546.36183134,2018-08-28,0.0023016378310898
670,127149995.32237928,2018-08-29,0.0010742866761568
671,126364088.7738004,2018-08-30,-0.0061809404442861
672,126432194.55945209,2018-08-31,0.0005389647194276
673,125651874.46621476,2018-09-04,-0.0061718464664505
674,126209120.47869802,2018-09-05,0.0044348404259826
675,126837162.95422864,2018-09-06,0.0049762051518031
676,126431224.24641363,2018-09-07,-0.0032004713631248
677,125224318.86693531,2018-09-10,-0.0095459439444014
678,125797974.57792749,2018-09-11,0.0045810248055868
679,126325999.40298802,2018-09-12,0.0041974032319054
680,127351555.81817056,2018-09-13,0.0081183320933875
681,127339901.55085632,2018-09-14,-9.15125633083047e-05
682,126791253.9322713,2018-09-17,-0.0043085286850634
683,127328463.65955985,2018-09-18,0.0042369620192848
684,127212102.21925469,2018-09-19,-0.0009138682503566
685,128398913.846907,2018-09-20,0.0093293924630442
686,128587799.92685483,2018-09-21,0.0014710878331343
687,127448363.22901992,2018-09-24,-0.0088611571119738
688,127153112.40138072,2018-09-25,-0.0023166309881016
689,126541764.2863377,2018-09-26,-0.0048079681534904
690,126976039.3319938,2018-09-27,0.0034318712727396
691,127133664.25804766,2018-09-28,0.0012413753561941
692,127840791.2881441,2018-10-01,0.0055620754284337
693,127672249.21622942,2018-10-02,
694,127139527.42756893,2018-10-03,-0.0041725730683905
695,125532214.73663592,2018-10-04,-0.0126421162910856
696,124932362.82840209,2018-10-05,-0.0047784698891222
697,124860723.95765874,2018-10-08,-0.0005734212426746
698,124922006.7831038,2018-10-09,0.0004908094675619
699,119931822.25419968,2018-10-10,-0.0399464006175338
700,117726482.73826186,2018-10-11,-0.0183882765598567
701,119469332.43986252,2018-10-12,0.0148042280807412
702,118601797.84707758,2018-10-15,-0.0072615672580379
703,121102809.1055071,2018-10-16,0.0210874649780121
704,121070063.3514812,2018-10-17,-0.0002703963208431
705,119495002.58282492,2018-10-18,-0.0130094981786182
706,119730257.43063484,2018-10-19,0.0019687421459058
707,119550662.09912369,2018-10-22,-0.0014999995436844
708,119384480.79372913,2018-10-23,-0.0013900492266346
709,116823728.7923507,2018-10-24,-0.0214496221313963
710,118982939.60765384,2018-10-25,0.0184826390804651
711,117146031.72651264,2018-10-26,-0.015438414004549
712,115250447.25174198,2018-10-29,-0.0161813801699749
713,115691731.38104554,2018-10-30,0.0038289146795209
714,117118694.21002688,2018-10-31,0.0123341816389752
715,118050828.11952773,2018-11-01,0.0079588823610794
716,118033094.31330736,2018-11-02,-0.0001502217858427
717,119105895.85637532,2018-11-05,0.0090889894000432
718,119930184.42608312,2018-11-06,0.0069206361597897
719,123283472.84886988,2018-11-07,0.0279603374149191
720,123688265.51410092,2018-11-08,0.0032834300971327
721,122798600.91539282,2018-11-09,-0.007192797109817
722,120464338.63654202,2018-11-12,-0.0190088670510104
723,119853768.47543438,2018-11-13,-0.0050684722799982
724,118568851.95358364,2018-11-14,-0.010720701886934
725,119006582.07730114,2018-11-15,0.0036917800628522
726,120518432.26433356,2018-11-16,0.0127039207465884
727,118090154.1984168,2018-11-19,-0.0201486031662839
728,115937086.8401676,2018-11-20,-0.0182324036484159
729,115751227.18686254,2018-11-21,-0.0016031078438367
730,115659880.5807532,2018-11-23,-0.0007891631763168
731,117525486.6384916,2018-11-26,0.0161301053431042
732,118982465.43215366,2018-11-27,0.0123971304891825
733,122837786.66040573,2018-11-28,0.0324024318562339
734,122735103.55671522,2018-11-29,-0.0008359244047141
735,123562926.62584282,2018-11-30,0.0067447946442238
736,124638461.17815736,2018-12-03,0.0087043466975442
737,121304245.52002075,2018-12-04,-0.0267510977479953
738,120899281.73740797,2018-12-06,-0.0033384139267077
739,118081366.44521224,2018-12-07,-0.0233079572657527
740,118104456.94644757,2018-12-10,0.0001955473749197
741,118159120.22282235,2018-12-11,0.0004628383872049
742,118967838.1572944,2018-12-12,0.0068443124233403
743,119291079.11410604,2018-12-13,0.002717044890605
744,116657792.62688649,2018-12-14,-0.0220744627911422
745,116482805.98329268,2018-12-17,-0.0014999996112859
746,116520862.27303012,2018-12-18,0.0003267116499829
747,115589025.27799974,2018-12-19,-0.0079971687202837
748,113361591.49227896,2018-12-20,-0.0192702878181009
749,111865695.03763673,2018-12-21,-0.0131957961682648
750,108575350.24865729,2018-12-24,-0.0294133495337638
751,113499553.16440156,2018-12-26,0.0453528623621009
752,114603940.48913825,2018-12-27,0.0097303231065326
753,114489253.91113526,2018-12-28,-0.0010007210704404
754,115742398.40263258,2018-12-31,0.0109455206378581
755,114420006.2592138,2019-01-02,-0.0114253044836567
756,111568051.09583604,2019-01-03,
757,114200890.11839671,2019-01-04,0.0235985033053871
758,114487779.78012988,2019-01-07,0.002512149086016
759,115223384.03091964,2019-01-08,0.0064251770119261
760,115568354.24633364,2019-01-09,0.0029939253938369
761,115823946.44967784,2019-01-10,0.0022116106525096
762,115778319.56798851,2019-01-11,-0.0003939330603724
763,115650174.76934056,2019-01-14,-0.0011068116995143
764,116788747.84029391,2019-01-15,0.0098449749273978
765,118407748.174499,2019-01-16,0.0138626397161054
766,118276624.56459282,2019-01-17,-0.0011073904531394
767,120175591.17619573,2019-01-18,0.016055299334027
768,119450518.35554564,2019-01-22,-0.0060334450078717
769,119689603.35274658,2019-01-23,0.0020015400560196
770,119277215.48371264,2019-01-24,-0.003445477781546
771,120089662.16355774,2019-01-25,0.006811415546132
772,119073078.07125583,2019-01-28,-0.008465209027879
773,119386827.83297902,2019-01-29,0.0026349345024525
774,120723580.8067072,2019-01-30,0.0111968212741047
775,121131796.99832824,2019-01-31,0.0033814122219804
776,120950099.3552473,2019-02-01,-0.0014999995672766
777,121550008.11699842,2019-02-04,0.0049599691521466
778,122371924.25937946,2019-02-05,0.0067619587617788
779,122111225.3730606,2019-02-06,-0.0021303815225318
780,121292827.0272896,2019-02-07,-0.0067020729934593
781,121383921.88959327,2019-02-08,0.0007510325592723
782,120856831.4046982,2019-02-11,-0.0043423418578821
783,122263040.8147494,2019-02-12,0.0116353324318292
784,122859786.321165,2019-02-13,0.0048808331809755
785,122328596.087665,2019-02-14,-0.0043235484075434
786,122145103.25754024,2019-02-15,-0.001499999476764
787,122028694.24536768,2019-02-19,-0.0009530387143487
788,122425611.3486783,2019-02-20,0.0032526538595303
789,121857929.90043747,2019-02-21,-0.004636950079212
790,122337112.52303168,2019-02-22,0.0039323056200422
791,122208947.703247,2019-02-25,-0.0010476364624064
792,121963758.87065446,2019-02-26,-0.0020063083530341
793,120742078.67465028,2019-02-27,-0.0100167476578006
794,119836669.71489048,2019-02-28,-0.0074987027695581
795,120570328.3480502,2019-03-01,0.0061221547202974
796,119412162.4038146,2019-03-04,-0.0096057293705987
797,119784031.74623977,2019-03-05,0.0031141663875713
798,119114864.7754588,2019-03-06,-0.0055864455472545
799,118322858.91343,2019-03-07,-0.0066490934067866
800,118454095.50350945,2019-03-08,0.0011091397831712
801,118496665.86219198,2019-03-11,0.0003593827507741
802,117424649.50409973,2019-03-12,-0.0090468060876833
803,118349475.4824274,2019-03-13,0.0078759100600542
804,118628854.71695232,2019-03-14,0.0023606292582716
805,118738875.43510307,2019-03-15,0.0009274364016516
806,119518237.58958942,2019-03-18,0.0065636646096778
807,119318178.9324903,2019-03-19,-0.001673875561871
808,118226272.73537832,2019-03-20,-0.009151214063783
809,119189616.77376316,2019-03-21,0.0081483076146793
810,116704632.62266304,2019-03-22,-0.0208489985819563
811,116217884.07371652,2019-03-25,-0.0041707731561978
812,117415420.2299028,2019-03-26,0.0103042329993436
813,117068442.21222274,2019-03-27,-0.0029551315917506
814,117652463.62389807,2019-03-28,0.0049887177162279
815,118412850.80639464,2019-03-29,0.0064629941360794
816,119208622.39812696,2019-04-01,0.006720314444869
817,118938970.29892091,2019-04-02,-0.0022620184159621
818,118902391.37974183,2019-04-03,-0.0003075436006142
819,119273712.9837839,2019-04-04,
820,119662877.15322971,2019-04-05,0.003262782382726
821,119838584.11328124,2019-04-08,0.0014683497859284
822,119079003.19824284,2019-04-09,-0.0063383669012675
823,119168107.27669612,2019-04-10,0.0007482769930895
824,118680388.938137,2019-04-11,-0.0040926918258984
825,118195715.45182048,2019-04-12,-0.0040838548866667
826,118018421.91769923,2019-04-15,-0.0014999996695608
827,118098088.95699625,2019-04-16,0.0006750390151168
828,118148236.517826,2019-04-17,0.0004246263531666
829,118840292.998251,2019-04-18,0.0058575269578449
830,118520341.912635,2019-04-22,-0.0026922778255075
831,119570909.08379972,2019-04-23,0.0088640241346851
832,119376298.92611292,2019-04-24,-0.0016275711138935
833,119925161.41535616,2019-04-25,0.0045977509286241
834,119745273.6904143,2019-04-26,-0.0014999998567343
835,119586157.96228269,2019-04-29,-0.0013287850386728
836,119950415.57666072,2019-04-30,0.0030459847576416
837,118967771.33491018,2019-05-01,-0.0081920870138422
838,118256725.37056722,2019-05-02,-0.0059767948610324
839,119169100.62126625,2019-05-03,0.007715208144315
840,119001676.9151316,2019-05-06,-0.00140492548204
841,117372694.96597414,2019-05-07,-0.0136887310446828
842,117129994.24394476,2019-05-08,-0.0020677783883189
843,116918833.88345458,2019-05-09,-0.0018027863985922
844,117648944.28981504,2019-05-10,0.006244591928519
845,115508348.4600555,2019-05-13,-0.0181947729550927
846,115943364.20875244,2019-05-14,0.0037660979011173
847,116476564.2745792,2019-05-15,0.0045987976066206
848,117559635.88993455,2019-05-16,0.0092986226207887
849,117167663.33264177,2019-05-17,-0.0033342443971141
850,117127286.52532125,2019-05-20,-0.0003446070884413
851,117616971.91674474,2019-05-21,0.0041807968574227
852,117748281.47729558,2019-05-22,0.0011164167756656
853,116980221.7544464,2019-05-23,-0.0065228953935713
854,117217633.52419822,2019-05-24,0.0020295035023114
855,115693387.299043,2019-05-28,-0.0130035573942939
856,114534630.26961792,2019-05-29,-0.0100157585189371
857,114698350.22512951,2019-05-30,0.0014294362772744
858,112778290.43765543,2019-05-31,-0.0167400819951236
859,112057148.9850998,2019-06-03,-0.0063943286403537
860,111889063.30010046,2019-06-04,-0.0014999996566189
861,112477001.86313376,2019-06-05,0.0052546562254827
862,112805341.91860756,2019-06-06,0.0029191750316508
863,113511825.08813924,2019-06-07,0.0062628520734542
864,114169527.578361,2019-06-10,0.0057941319304051
865,114086106.44960244,2019-06-11,-0.0007306777082116
866,113664185.07529818,2019-06-12,-0.00369827130958
867,114036100.7252821,2019-06-13,0.0032720566266106
868,113947559.31290722,2019-06-14,-0.0007764331804731
869,113868568.4657874,2019-06-17,-0.0006932210535804
870,114906842.98021331,2019-06-18,0.0091181836077782
871,114892247.53446482,2019-06-19,-0.0001270198133545
872,116067611.11633016,2019-06-20,0.0102301382999123
873,115684398.30380864,2019-06-21,-0.0033016343563533
874,115520236.97662704,2019-06-24,-0.0014190446558789
875,114797725.23051652,2019-06-25,-0.0062544171049156
876,114350556.4354944,2019-06-26,-0.0038952757480532
877,114314435.87095743,2019-06-27,-0.0003158757216658
878,114870310.02859984,2019-06-28,0.004862676821236
879,115426825.08192804,2019-07-01,0.0048447249179499
880,115759908.47893924,2019-07-02,0.0028856671469112
881,116334292.8448325,2019-07-03,0.0049618591914986
882,116266783.2486945,2019-07-05,
883,115597353.16799589,2019-07-08,-0.0057577070767212
884,114872521.17308824,2019-07-09,-0.0062703165344473
885,115367026.65126924,2019-07-10,0.00430481957853
886,116098211.76610008,2019-07-11,0.0063379037845974
887,117118208.24005786,2019-07-12,0.0087856346660424
888,117370568.20514576,2019-07-15,0.0021547457810371
889,117270004.1548337,2019-07-16,-0.0008568080724996
890,116388481.8849759,2019-07-17,-0.0075170311130365
891,116431491.18137024,2019-07-18,0.0003695322397696
892,115783381.56633423,2019-07-19,-0.0055664460573335
893,116322884.65111588,2019-07-22,0.0046595899815946
894,116706575.87501572,2019-07-23,0.0032985016237401
895,117541350.14013337,2019-07-24,0.0071527611778416
896,117119324.07365082,2019-07-25,-0.0035904476678156
897,117303383.18602842,2019-07-26,0.0015715520374917
898,117569430.84780592,2019-07-29,0.0022680305934192
899,116974211.16555494,2019-07-30,-0.0050627078651208
900,114837814.6756448,2019-07-31,-0.0182638247236089
901,114773854.78951351,2019-08-01,-0.0005569584053122
902,113839281.57277006,2019-08-02,-0.0081427361523876
903,110099231.81145184,2019-08-05,-0.0328537716475962
904,111394193.88467117,2019-08-06,0.0117617721024334
905,111845157.92394727,2019-08-07,0.0040483621591895
906,113597762.7810983,2019-08-08,0.0156699216102209
907,113120614.91037604,2019-08-09,-0.004200328061405
908,111588075.7696404,2019-08-12,-0.013547832479074
909,113363472.5043778,2019-08-13,0.0159102728718298
910,110021368.43678616,2019-08-14,-0.0294813134580239
911,110697459.50289308,2019-08-15,0.006145088683344
912,110531413.32452448,2019-08-16,-0.001499999901662
913,110892531.59256332,2019-08-19,0.0032671098394316
914,109790974.58272544,2019-08-20,-0.0099335545326459
915,110939224.32460722,2019-08-21,0.0104585075981504
916,111999792.06417796,2019-08-22,0.0095598986384428
917,109982765.92310382,2019-08-23,-0.018009195409205
918,111165189.0303512,2019-08-26,0.0107509853686902
919,111043882.20061567,2019-08-27,-0.0010912303644121
920,111975355.95990162,2019-08-28,0.0083883392837718
921,113324882.98562412,2019-08-29,0.0120520003187645
922,113489834.19717078,2019-08-30,0.0014555603959245
923,112148100.2552362,2019-09-03,-0.0118225033231039
924,113369174.7609588,2019-09-04,0.0108880534127959
925,115013271.80078752,2019-09-05,0.014502152311643
926,115315136.1833872,2019-09-06,0.0026246047771125
927,114525117.61624852,2019-09-09,-0.0068509529042423
928,113244815.89386313,2019-09-10,-0.011179222069655
929,112935894.28942178,2019-09-11,-0.0027279094588388
930,114351569.4468981,2019-09-12,0.01253521005331
931,114413969.6761608,2019-09-13,0.0005456875630522
932,113337995.56419848,2019-09-16,-0.0094042197382694
933,113400561.75590228,2019-09-17,0.0005520319235605
934,113024053.4929018,2019-09-18,-0.0033201622387984
935,112841467.56388088,2019-09-19,-0.0016154608101395
936,111994269.03129384,2019-09-20,-0.0075078652456149
937,112364164.11033624,2019-09-23,0.0033028036366666
938,111898440.8050689,2019-09-24,-0.0041447672303245
939,112221209.4045028,2019-09-25,0.0028844780777255
940,112165606.09873956,2019-09-26,-0.0004954794736066
941,111512346.8724418,2019-09-27,-0.0058240600574358
942,110823639.25666574,2019-09-30,-0.0061760660150383
943,110747999.85550454,2019-10-01,-0.0006825204592497
944,108482860.82524765,2019-10-02,-0.0204530920035781
945,109489997.67032516,2019-10-03,
946,111160317.99100871,2019-10-04,0.0152554603728543
947,110471332.36497064,2019-10-07,-0.0061981257204912
948,109116553.40709,2019-10-08,-0.0122636246787065
949,110363068.6705106,2019-10-09,0.0114237045113596
950,110525111.90870358,2019-10-10,0.0014682741259828
951,112070588.89860618,2019-10-11,0.0139830393583242
952,112204733.1389935,2019-10-14,0.0011969620371021
953,113137936.2650513,2019-10-15,0.0083169675641205
954,112616126.79727788,2019-10-16,-0.0046121529612399
955,112494012.6670844,2019-10-17,-0.0010843396382587
956,111594561.70395438,2019-10-18,-0.0079955452010754
957,112136160.04427116,2019-10-21,0.0048532682242488
958,109989360.06357393,2019-10-22,-0.0191445826203578
959,109824376.049985,2019-10-23,-0.001499999759009
960,109678414.59847385,2019-10-24,-0.0013290442136882
961,110183302.50868508,2019-10-25,0.0046033479975033
962,110767962.63741209,2019-10-28,0.005306249816581
963,110707508.2571996,2019-10-29,-0.0005457749585083
964,111598470.3175636,2019-10-30,0.0080478919125712
965,110876508.16335998,2019-10-31,-0.0064692836035226
966,112160429.3000825,2019-11-01,0.011579740000748
967,112583693.05695644,2019-11-04,0.0037737351712652
968,112200389.30812448,2019-11-05,-0.0034046116131403
969,111980989.8367486,2019-11-06,-0.0019554252238231
970,112970584.21816815,2019-11-07,0.0088371640834952
971,112639852.90371504,2019-11-08,-0.0029275878915029
972,112063370.98259096,2019-11-11,-0.0051179214661871
973,111987867.25812924,2019-11-12,-0.0006737591757207
974,111687388.56154644,2019-11-13,-0.0026831361641185
975,111472528.49774943,2019-11-14,-0.0019237629831285
976,112227838.47107476,2019-11-15,0.0067757498955498
977,111883281.24464576,2019-11-18,-0.003070158270203
978,112511197.85770904,2019-11-19,0.0056122470317103
979,111995086.03079492,2019-11-20,-0.0045872040893817
980,112018072.4309376,2019-11-21,0.0002052447206153
981,112146716.15594368,2019-11-22,0.0011484193774662
982,112802959.12993573,2019-11-25,0.005851646811303
983,113127814.58144324,2019-11-26,0.0028798486672085
984,113656485.8634513,2019-11-27,0.0046732210284807
985,113399394.08978492,2019-11-29,-0.0022620070620101
986,112464679.96012056,2019-12-02,-0.0082426730510066
987,111928336.85978869,2019-12-03,-0.0047689914782317
988,112172292.713452,2019-12-04,0.0021795718627437
989,112158039.39829372,2019-12-05,-0.0001270662729045
990,113441802.1579106,2019-12-06,0.0114460164113423
991,113498674.1888822,2019-12-09,0.0005013322240108
992,112997931.70725496,2019-12-10,-0.0044118795678083
993,113015939.326037,2019-12-11,0.0001593623751334
994,113921028.35864276,2019-12-12,0.0080085078087499
995,114181260.60449162,2019-12-13,0.0022843214250982
996,115080955.71610317,2019-12-16,0.0078795338819035
997,114738671.4335108,2019-12-17,-0.0029742912757586
998,114610577.39068748,2019-12-18,-0.0011163981700585
999,115382183.31993644,2019-12-19,0.0067324146410912
1000,116440974.1477639,2019-12-20,0.0091763805932809
1001,116654530.48512807,2019-12-23,0.001834030837746
1002,116426902.7387557,2019-12-24,-0.0019512979515304
1003,116881229.2015853,2019-12-26,0.0039022464064772
1004,116998103.15828083,2019-12-27,0.0009999377786658
1005,116068932.5234313,2019-12-30,-0.0079417581120312
1006,116338176.63189076,2019-12-31,0.0023196914334084
1007,117985319.56361532,2020-01-02,0.0141582323138544
1008,116967334.6534667,2020-01-03,
1009,117005609.06518044,2020-01-06,0.0003272230817872
1010,116367151.32089251,2020-01-07,-0.0054566422019328
1011,117619763.99351124,2020-01-08,0.0107643150012715
1012,118277155.18182684,2020-01-09,0.0055891218107855
1013,117966927.54852532,2020-01-10,-0.0026228871739821
1014,117461904.8700182,2020-01-13,-0.0042810530798927
1015,117559957.30770476,2020-01-14,0.0008347594719755
1016,118478755.42433438,2020-01-15,0.0078155703495599
1017,119299725.67849088,2020-01-16,0.0069292612942817
1018,119492064.19075546,2020-01-17,0.0016122292919844
1019,119543371.33157262,2020-01-21,0.0004293769729784
1020,119484579.32707667,2020-01-22,-0.0004918048055786
1021,119369644.0225092,2020-01-23,-0.0009619258419353
1022,118182611.79690409,2020-01-24,-0.0099441716135241
1023,116086776.74906994,2020-01-27,-0.0177338697797254
1024,116374808.65300769,2020-01-28,0.0024811775466928
1025,116788101.6479282,2020-01-29,0.0035513956989852
1026,118372248.74772072,2020-01-30,0.0135642850379409
1027,114877510.70025136,2020-01-31,-0.0295232884771623
1028,115586025.36571082,2020-02-03,0.0061675663159883
1029,117254847.36259577,2020-02-04,0.0144379218128216
1030,118284725.39801572,2020-02-05,0.0087832448601052
1031,118410331.85544248,2020-02-06,0.0010618992182136
1032,117679084.80157386,2020-02-07,-0.0061755341988344
1033,118454488.72654216,2020-02-10,0.0065891396612727
1034,118654877.04446398,2020-02-11,0.001691690370505
1035,120709910.95645344,2020-02-12,0.0173194222030954
1036,120518180.38906889,2020-02-13,-0.0015883581212623
1037,120904310.87041986,2020-02-14,0.0032039189448798
1038,120314958.01409853,2020-02-18,-0.0048745396427839
1039,120672255.86437891,2020-02-19,0.0029696876945137
1040,120005076.47845694,2020-02-20,-0.0055288548402693
1041,118712373.19668916,2020-02-21,-0.0107720716464844
1042,113447713.32109876,2020-02-24,-0.0443480298963243
1043,109034362.6691511,2020-02-25,-0.0389020679461054
1044,108095647.68679692,2020-02-26,-0.0086093499276239
1045,103245526.65849964,2020-02-27,-0.0448687910391204
1046,102974501.00017616,2020-02-28,-0.002625059574929
1047,102820039.25100738,2020-03-02,-0.0014999999773585
1048,101091414.1694378,2020-03-03,-0.0168121418175068
1049,106131582.16169655,2020-03-04,0.0498575277996506
1050,102817183.2719799,2020-03-05,-0.0312291480274646
1051,101171580.33093508,2020-03-06,-0.0160051354129371
1052,93425832.41217132,2020-03-09,-0.0765605112960301
1053,93285693.68591574,2020-03-10,-0.001499999760637
1054,90222192.24760154,2020-03-11,-0.0328399920423888
1055,90139863.80524756,2020-03-12,-0.0009125076691557
1056,90139863.80524756,2020-03-13,0.0
1057,90139863.80524756,2020-03-16,0.0
1058,90139863.80524756,2020-03-17,0.0
1059,90139863.80524756,2020-03-18,0.0
1060,90139863.80524756,2020-03-19,0.0
1061,90139863.80524756,2020-03-20,0.0
1062,90139863.80524756,2020-03-23,0.0
1063,90139863.80524756,2020-03-24,0.0
1064,90139863.80524756,2020-03-25,0.0
1065,90139863.80524756,2020-03-26,0.0
1066,90139863.80524756,2020-03-27,0.0
1067,92551744.61608246,2020-03-30,0.0267570940205312
1068,91012768.21569112,2020-03-31,-0.0166282808257718
1069,86406521.97012955,2020-04-01,-0.0506109893794817
1070,87522640.5991947,2020-04-02,0.0129170646337437
